x1,x2,x3,x4,x5,x6,x7,x8,x9,x10,y,mode
-3.580850229315957201e+00,3.613393403510455570e+00,-3.665747036742561527e-02,1.828628663362731110e+00,1.185963986764215772e+00,9.410548833821750225e-01,-1.347026727792655088e-01,-2.317975583952924801e+00,8.896922055498035498e-01,4.343188404841498707e-01,1.305263134866785713e+01,2.000000000000000000e+00
-1.281905556901599352e+00,7.997587743274497951e-01,1.391076487469405931e-02,-9.089327472680510667e-01,1.239408813586997615e+00,-6.383799570683050817e-01,1.295027392205343464e+00,-1.176797125344393180e+00,2.144937534335230822e+00,1.827995078111652294e+00,9.657148513022166814e-01,2.000000000000000000e+00
-2.564329613230832638e+00,2.670267780830984261e+00,8.376844053018054348e-01,2.689309319748316440e-01,-5.711004317246248796e-01,5.818305142132107477e-02,1.487878229964906707e+00,-5.966268267516650070e-02,1.009823648277488717e+00,1.226658798619450153e+00,-1.362415117487452498e+01,2.000000000000000000e+00
-1.325392987855745108e+00,1.845994892954469835e+00,-8.187493130839165190e-01,2.492764154887895156e+00,2.103306916923622261e+00,1.188538517216368939e+00,1.403816632608987369e+00,-2.525819854347751470e+00,1.151672566585580704e+00,-9.434369621776477199e-01,1.408401474162665146e+01,2.000000000000000000e+00
-2.169730481826278368e+00,1.369353986760548203e+00,4.270071985357242750e-01,1.537339273794662287e+00,1.256589596887327742e+00,1.073791317495498054e+00,1.002327351434573410e+00,-5.929013494460375622e-01,1.001434963870476924e+00,-6.770930659323919354e-01,-7.530040755240661632e+00,2.000000000000000000e+00
-2.716145335774021508e+00,1.689801722242560533e+00,-9.956170800612622607e-01,2.480012664965832947e+00,1.951057117456039158e+00,2.827644084408718950e+00,1.628340482726329697e+00,-3.449643953574683675e+00,7.510646510414473731e-01,1.257815757258148592e-01,2.779393431051091934e+00,2.000000000000000000e+00
-2.032601303437965967e+00,2.660369765567294209e+00,8.800922719619892476e-01,1.758815591315398885e+00,3.081536455745800041e+00,2.180441424995819499e+00,2.379725496392797623e+00,-3.128907201138408034e+00,-2.856718596923757403e-02,-1.469361351321688769e+00,1.573933040657681737e+01,2.000000000000000000e+00
-1.258769243856956432e+00,1.921171389057211076e+00,-6.744008370215859305e-01,2.490735004371236627e+00,4.243530060538569515e-02,2.533649042684738895e+00,1.342823780533055400e+00,-2.391088991490085469e+00,1.172801146404823136e+00,-3.593742571719924506e-01,-1.209155996588496373e+00,2.000000000000000000e+00
-1.968246647374595648e+00,8.438705934839351164e-01,8.707481368435563418e-01,4.172262552854247852e-01,1.576456798083126554e+00,1.760677076132258545e+00,1.080737391524802193e+00,-2.381954053805811711e+00,1.613105534942686159e+00,-1.157103061838467228e+00,6.363607096376112937e-02,2.000000000000000000e+00
-3.640256183265471623e+00,1.250675611912680285e+00,8.387338702316103900e-01,1.433805117437230159e+00,1.809856720138690811e+00,2.889457058429266034e+00,3.700545243269393048e+00,-4.208285421924039760e+00,9.155144409690719742e-01,-4.732183716734838508e-01,-8.277637060973636052e-01,2.000000000000000000e+00
-2.067617920656814601e+00,1.313657752005464641e+00,-1.574339405351047549e+00,2.798803597741965632e+00,-5.688104965866953577e-01,1.831354960865085202e+00,1.207245612087036957e+00,-1.632829552367325743e+00,7.404059886138054658e-01,-6.355187659620704643e-01,-1.416421575236099351e+01,2.000000000000000000e+00
-1.646680138329768672e+00,1.225025036517835897e+00,6.913923759532121238e-01,2.163880808604579098e-01,6.334061888873827595e-01,3.979922033010846683e+00,-6.235815858468760631e-01,-1.911865223927108337e+00,2.111402695515563366e+00,-3.262357355480163257e-01,-1.751115716448690307e+01,2.000000000000000000e+00
-3.508893490348738986e-01,1.207696337759564198e+00,-2.691080887047196946e-01,1.462844060700161597e+00,-1.349790480275381510e+00,2.733116856839223896e+00,8.861475022358500375e-01,-1.946418617449130029e+00,-2.391940045296210293e-01,5.032498050842386661e-01,-4.296313367837630182e+00,2.000000000000000000e+00
-1.420294142173275542e+00,2.427566158937756846e+00,2.318983420465708656e-01,-6.630469975824015982e-02,1.134790623884673888e-01,3.309301546531191462e-01,1.268437365743507739e+00,-2.794074630773062395e-01,6.430876793422741766e-01,4.626514101095036691e-01,-1.232496920841355603e+01,2.000000000000000000e+00
-1.973391399982580952e+00,8.417964483672881748e-01,-2.609225558274937962e-01,1.641809890596491739e+00,-2.712996816122641430e-01,1.925097923755595186e+00,2.200470366035123249e-02,-2.625917419965899668e+00,1.356577447684053528e+00,1.160021791856307161e-01,4.189346179910169887e+00,2.000000000000000000e+00
-2.430275741419409385e+00,1.174151035326356229e+00,-1.009321906911481159e-02,2.749292122971300323e+00,1.589505262282956632e+00,3.399877845223413519e+00,9.884440224317552204e-01,-2.984880687404758870e+00,1.275729122300443441e+00,-1.871997678002422227e-01,3.297232157305395539e+00,2.000000000000000000e+00
-2.793468392495879193e+00,1.378232697707771015e+00,2.080800710563486700e+00,6.003289417421795449e-01,2.405170279450548065e+00,2.782187564070832231e+00,8.181074811666371183e-01,-2.114383518113289728e+00,1.073727042010052646e+00,1.592839041921063625e-01,2.799264852706182083e+00,2.000000000000000000e+00
-2.893394336307200998e+00,2.976418071441077728e+00,4.680709225540936602e-01,2.629938488536049945e+00,1.908920836131387189e+00,5.689506601955022447e+00,8.488497659830287478e-01,-3.630473518490685336e+00,1.529070286638708920e+00,-6.249606385791825480e-02,-5.664348217872128721e+00,2.000000000000000000e+00
-4.783824073288782230e+00,3.791857249310136790e+00,-5.672158700511811258e-01,3.980325907916403061e+00,1.362081014624170194e-01,4.481712222344686580e+00,1.305746453916555527e+00,-4.906680147482287424e+00,2.880893112218311014e+00,1.377755392417786551e+00,4.185291747306393084e+00,2.000000000000000000e+00
-2.084198806600286336e+00,1.474409459042870241e+00,1.109694579402510817e+00,1.200414384999102468e+00,1.442763502387147678e+00,4.303136670436048306e+00,-1.064445484229842309e+00,-1.566620269268802268e+00,-5.776063169242811046e-01,-2.734160711899574991e+00,-1.383829179761794137e+01,2.000000000000000000e+00
-2.932776878027592016e+00,5.095576193342090665e-01,-8.622673496435637741e-01,1.789140169511693079e+00,9.352952059719465971e-01,3.172458522350726895e+00,1.141017932804134549e+00,-3.967498682593798343e+00,3.929417712835963084e-01,-1.780601709724827508e-01,-2.358286667270742321e+00,2.000000000000000000e+00
-1.783942582300588997e+00,4.263665504314981813e-01,-9.498907364301014677e-01,2.291880788746323727e+00,1.530130128377317211e+00,2.498767084186108267e+00,1.807829803760608200e+00,-3.973976760869759595e+00,4.204855531043885097e-01,-2.096310574630782853e+00,6.591843714076068395e+00,2.000000000000000000e+00
-6.025495782114553833e+00,2.428538797399359517e+00,1.308028485284904452e+00,1.341838878093772891e+00,1.433244514775237954e+00,3.681719194410187690e+00,3.425005452301021158e+00,-3.779954552530432110e+00,2.464032719402061922e+00,1.377391142461849016e+00,-1.886568660258186370e+01,2.000000000000000000e+00
-3.917920179975401318e+00,3.515062058695873404e+00,2.587670339593027169e+00,7.543852957511427704e-01,2.290139817170572467e+00,3.260601986031531840e+00,2.336951882411912873e+00,-3.078813665682952561e+00,1.515677861079526290e+00,-4.709655523025690349e-01,7.091628914327732236e-01,2.000000000000000000e+00
-2.026536823160284051e+00,2.064417305405226166e+00,3.373020134311776608e-01,-2.286140572418320360e-01,9.195431776361595588e-01,-4.725055988699113918e-01,1.193719103054828201e+00,-1.650969866177508738e+00,-1.110466489897618203e+00,-4.632571310837006462e-01,8.039377208449209888e+00,2.000000000000000000e+00
-2.323186808288236094e+00,2.425327855885393902e+00,6.681021660981757426e-01,1.778580560668018284e+00,3.159481908283802154e-01,3.710244937115190211e+00,1.349948748094414785e+00,-3.063670776023794673e+00,3.204661316958635986e+00,1.810964922992997161e+00,-1.097912875684216694e+00,2.000000000000000000e+00
-1.247730167037631288e+00,1.404545771978286117e+00,1.006369513878607513e+00,7.275913716198341152e-01,1.842883919359155520e+00,3.308603875755831147e+00,-6.645120132149218151e-02,-2.406341712003799316e+00,1.394938234067873983e-01,1.312122840502680937e-02,6.944438156695201592e+00,2.000000000000000000e+00
-3.195232649810634040e+00,5.442789949948778627e-01,-2.033029340888856673e-01,2.385656945456168909e+00,-1.370891287485960230e-01,3.696904085712447774e+00,3.297910601779399542e+00,-4.313377480416656695e+00,1.568195767039027411e+00,2.482792418102724774e+00,-3.226194245895040780e+00,2.000000000000000000e+00
-4.859919848032037137e+00,2.626070666551200361e+00,7.693441447077051798e-01,2.429481732602746913e+00,2.746348771245449960e+00,2.859630916818060253e+00,7.020576987360584997e-01,-2.496705435773600712e+00,3.545341794794105716e-01,-1.602490384932273804e+00,-3.709600015592164457e+00,2.000000000000000000e+00
-1.938275780857388941e+00,1.306060323786911948e+00,-7.441905516011881883e-01,4.098019836396031401e+00,-1.556932479745767317e-01,5.837033123868378581e+00,-3.097491477982687869e-01,-2.681955420030509352e+00,2.217051524819954267e+00,3.492990659854054991e-01,-1.290218366399540351e+01,2.000000000000000000e+00
-1.664165210328041544e+00,2.054847376348323262e+00,1.932902601880523319e+00,-4.880015224854570288e-01,1.513162962199687156e+00,2.176262962879326412e+00,1.036991513092183848e+00,-1.186564584892942698e+00,-2.395645920055144984e-03,-2.191494251006357974e+00,-1.092539623357246548e+01,2.000000000000000000e+00
-3.344978515510391048e+00,2.145401591817105214e+00,2.986405485543840443e-01,1.545265386852883172e+00,9.535040825803957620e-01,1.985218755643183730e+00,1.675231229121342924e+00,-3.023796662012066871e+00,9.766972862949129253e-01,1.754338075422820831e+00,5.974760970365771584e+00,2.000000000000000000e+00
-2.266684045775320122e+00,1.630015799025585022e+00,-1.250014459354146235e-01,1.633230335975109249e+00,1.690914030068101814e+00,1.050206893276879994e+00,2.511990361982130437e-01,-1.915330799298619269e+00,1.999556345256786827e+00,-9.586319205143744027e-01,5.175653697952589560e+00,2.000000000000000000e+00
-2.328495391058547082e+00,2.001003546696889401e+00,1.068339853124294914e+00,1.306285737449028650e+00,1.498092211532867868e+00,4.427623755365610592e+00,2.568606812900854131e+00,-3.197706571126214037e+00,7.595453912894339910e-01,-2.003626861071904131e+00,-1.488887219863226363e+01,2.000000000000000000e+00
-3.127042768124679295e+00,1.849914561829485216e+00,1.173855953177279865e+00,5.952621726292156579e-01,1.874836268302612741e+00,3.390748409629224636e+00,2.160404038411553707e+00,-2.990674397225611347e+00,1.329731682914659485e+00,1.539425858151826532e+00,-5.198943043038827483e+00,2.000000000000000000e+00
-4.268868839244684743e+00,2.233094779675264707e+00,1.197574409930853179e+00,1.365110544864798436e+00,1.145868427293792458e+00,6.743725600253533958e-01,2.637577108856014263e+00,-2.126889883394400549e+00,1.978322956846065850e-01,4.229199335773544538e-02,1.079759157397175429e+00,2.000000000000000000e+00
-3.761072188667947458e+00,1.325255189903031816e+00,2.597892854659167305e-03,1.530109103963806172e+00,1.658193817387749736e+00,2.369109760425805788e+00,3.432524537331705261e+00,-3.331984389628821042e+00,1.053240112089904201e+00,2.055721774598343821e+00,-4.890893535049722907e+00,2.000000000000000000e+00
-1.935959692755766959e+00,1.439093091892231779e+00,7.344605154572471095e-01,9.648519608534220637e-01,1.941336866701687924e+00,1.545333797134158971e+00,3.123961305685012846e+00,-2.508173225887222024e+00,1.595522651730821861e+00,4.114343647910808088e-01,2.840367570649013018e+00,2.000000000000000000e+00
-3.031475160934502533e+00,1.655300671453106442e+00,2.492706983339565141e-01,2.341052707977008041e+00,2.743444481800740853e+00,1.411706228636913973e+00,2.575963342416541124e+00,-3.296872543324929072e+00,1.752876189204412904e+00,9.612960030543715728e-01,1.820435113303154040e+01,2.000000000000000000e+00
-3.094147645786581968e+00,2.141524156287972325e+00,1.330950635893026535e+00,4.416026714235423700e-01,2.639213667595641688e+00,1.915940000128925735e+00,4.872623381370152496e-01,-2.537482399263270683e+00,5.323015263898056570e-01,-1.922028760973113704e+00,4.761608885886553288e+00,2.000000000000000000e+00
-2.405421903843937947e+00,1.459059941861887033e+00,-6.086309598834782619e-01,1.935668624306605246e+00,-1.233782472863411694e-01,-1.560526636383352539e-02,1.878075615411616273e+00,-1.205689914964321874e+00,2.868016034758996469e+00,6.158943449089948619e-01,-6.311447607978224461e+00,2.000000000000000000e+00
-2.296578878153892056e+00,1.194982038393509249e+00,-3.306569252943021286e-01,8.275256584195508358e-01,3.420578332395094456e-01,1.851769840820614910e+00,2.270299336137021839e+00,-3.144007214015040130e+00,3.494501135577776640e+00,3.817930024023747926e+00,4.657343460630741228e-01,2.000000000000000000e+00
-2.664457243669748898e+00,1.606618455991053240e+00,5.501950064412969299e-01,2.008892156292016562e+00,2.534682514102732043e+00,3.785047389939208529e+00,2.447889725997710375e+00,-4.488239076888303813e+00,1.726458657447118128e+00,-1.334335012886156191e+00,6.750029265333363782e+00,2.000000000000000000e+00
-7.759899617670189542e-01,1.490517678203737484e+00,5.479779475429047420e-03,2.033261440806875431e+00,-9.528462990341453054e-01,4.455053136437587824e+00,-7.903242771536342914e-01,-1.660493099784071003e+00,7.799755782206735377e-01,-5.381404635505203371e-02,-1.210833989589383641e+01,2.000000000000000000e+00
-3.542753772996862338e+00,1.782204589193046251e+00,1.141562471575123805e+00,7.449189905295772185e-01,2.889441505213359740e+00,1.233643342714648483e+00,7.748472872740548301e-01,-1.015764736799916301e+00,1.286738681827075848e+00,-1.502927104635679134e+00,-8.783956705364321493e+00,2.000000000000000000e+00
-3.495377700714418889e+00,2.023243858885518165e+00,2.134305930804369034e+00,-5.509025381934036236e-01,3.017517058664039631e+00,2.189356545971631096e+00,1.873144498689740756e+00,-3.118347228724565934e+00,2.339512626090347158e+00,3.044068213338632645e-01,3.082189097589119964e+00,2.000000000000000000e+00
-6.069626398748098062e-01,1.076309876423988232e+00,1.592116150045570944e+00,-3.867107595789889274e-01,-7.274275920880370894e-01,6.881283429929416773e-01,1.007183980552086133e+00,2.747596067588045088e-01,3.369688130699746154e-01,1.000481750958831295e+00,-9.781106277955213812e+00,2.000000000000000000e+00
-1.824495411235993902e+00,1.076675340562382344e+00,-7.759982303730206254e-02,1.776183062424381287e+00,1.513199490850491769e+00,2.522590398871599859e+00,8.996754218339306775e-01,-2.599099314193984434e+00,8.270577454169451004e-01,-7.914897185310678651e-01,2.084025470950559900e+00,2.000000000000000000e+00
-1.880979550484496610e+00,9.916352915824357961e-01,7.789455121947654881e-01,4.981528572775826280e-01,8.373573556334297230e-01,2.487230236219929669e+00,-5.368830051565618433e-01,-1.918425052692258381e+00,1.136837302468657329e+00,-3.844772732902017598e-01,-2.291547119840561475e+00,2.000000000000000000e+00
-1.299084600892921548e+00,1.574879479844135677e+00,-3.090531060035063282e-01,2.328744772963771581e+00,1.133784622654849361e+00,2.744591334785373427e+00,2.157974887354975557e+00,-2.956900978318558693e+00,8.670560462748886366e-01,-3.918661902232152272e-01,3.824534243734716288e+00,2.000000000000000000e+00
-4.795577356590259299e+00,4.049532173716709593e+00,2.354301723245567857e+00,1.171061607690471185e+00,2.953086173188057550e+00,4.256033525081384106e+00,3.626358753852828798e+00,-3.731951674233696004e+00,1.499819122092270973e+00,1.049076686264837299e+00,-4.366909960423194015e+00,2.000000000000000000e+00
-2.503380318938107862e+00,2.137795799076194214e+00,1.639847212841121893e+00,8.050052673595596842e-01,3.309205257659374233e+00,4.146838267235413156e+00,2.170690423578435002e+00,-4.068968333638284918e+00,2.342230163268844034e+00,4.357185567446065222e-01,8.482685986302078263e+00,2.000000000000000000e+00
-1.902863297312290980e+00,1.010285034170200325e+00,-5.735882091457340515e-01,1.259274265438401041e+00,9.251917540200189638e-01,1.590472763560671687e+00,8.618366672908395199e-01,-1.913538888470893706e+00,6.096445646959725018e-01,-5.563549510347422233e-02,-4.208861037943727901e+00,2.000000000000000000e+00
-3.326474564418382851e+00,2.467509099143870621e+00,-2.762661003046624764e-01,2.842700925114170385e+00,2.983337733491053800e-01,2.328501657563867955e+00,1.226920670632704047e+00,-3.098353152545496592e+00,9.628862517702202473e-01,5.205358326113224132e-01,5.723205875748860194e+00,2.000000000000000000e+00
-4.607374266449289379e+00,1.903623334865994776e+00,1.123437430518758440e+00,2.650330331802009276e+00,1.342697580791344159e+00,4.977672807652441023e+00,2.872496296101825664e+00,-3.195585908829817967e+00,1.175594152766566980e+00,-5.593712646585808912e-01,-2.129056449730493839e+01,2.000000000000000000e+00
-2.278878669662396383e+00,2.166545713445174659e+00,1.527439336393645375e+00,2.442655194641072391e-01,1.920304559414877321e+00,1.513624033217345843e+00,5.213391045311410732e-01,-1.955487809031098312e+00,1.494133427140279080e+00,-4.402612150916514200e-02,7.798197052293081910e+00,2.000000000000000000e+00
5.063179237625012874e-01,-3.256551342302809182e-01,-5.621811223669568314e-01,2.772460527236646488e-01,-1.913237279079793574e-01,5.577431586260372942e-01,1.326824330713222588e+00,-6.488596607771084379e-01,2.172140603436364614e+00,1.407034088289685236e+00,-7.309489152115888899e+00,2.000000000000000000e+00
-3.013352218412411965e+00,1.606635072442149426e+00,2.080938022031439683e-01,2.136818483056046603e-02,1.059550023087833415e+00,1.733202794489139498e+00,1.207816523045527557e+00,-1.177707011529400383e+00,1.382034040358464111e+00,2.356542505250197816e+00,-1.695280270038307080e+01,2.000000000000000000e+00
-1.571304198937813368e+00,1.332119955871126527e+00,-2.475429746747048743e-01,1.574940681281213450e+00,-1.720247487811128462e-01,1.808269318879814236e+00,1.056860060778622268e+00,-2.205472804731210879e+00,1.645669910579986350e+00,1.694229757688622051e+00,2.280849232779500468e+00,2.000000000000000000e+00
-2.913705804313223346e+00,7.267493862180400832e-01,-3.231620119659011081e-01,9.373140750873598659e-01,2.847573213096750600e+00,1.812983893052263928e+00,2.054721386208184786e+00,-3.117791164398782122e+00,1.424502995565774199e+00,-5.518821822147678136e-01,-1.938817654136796520e+00,2.000000000000000000e+00
-3.020489151663298788e+00,2.347123943623955711e+00,9.255954267899196841e-02,2.513930014786802225e+00,1.990750757300043139e+00,2.653299707933626017e+00,2.187127969545013428e+00,-2.296061643298550337e+00,7.268103918720658640e-01,-7.998094419645742637e-01,-5.133610074816788327e+00,2.000000000000000000e+00
-3.565877919631731174e+00,3.886177937847422381e+00,-4.355493810790816989e-01,2.958408371201723064e+00,3.463880278961932735e-01,2.727854189419876008e+00,3.138382413431715090e-01,-2.152068282053230863e+00,4.507603705881826350e-01,3.464395195497214225e-02,-3.400822889128755744e+00,2.000000000000000000e+00
-2.879652100805410786e+00,1.669182913607730079e+00,1.373047256298920438e+00,-4.632170128733010817e-01,2.977557779469178101e+00,1.216494466238062344e+00,2.911417730590144082e+00,-2.243258855870318591e+00,3.002236969763255603e-01,-4.480288277715436251e-01,-3.305748598044098152e+00,2.000000000000000000e+00
-1.275116766109375632e+00,1.166241435865275511e+00,5.719441205300017650e-01,3.212429005430406104e-01,1.541056743942103457e+00,1.184246849779192701e+00,-8.947431844811437607e-02,-4.508234827022761237e-02,8.724784947727344253e-01,-3.465359999734913821e-01,-9.392830023007299189e+00,2.000000000000000000e+00
-3.537953504032363305e+00,1.131886091041824693e+00,-3.812201684790011980e-02,1.631389039445682920e+00,1.106936458469683693e+00,1.039406775453145748e+00,1.118510418358715564e+00,-1.218712519790081217e+00,-1.484551958593689935e+00,1.599222712593481865e-01,-6.668847039748063033e+00,2.000000000000000000e+00
-2.924044445712127960e+00,1.423882237252385830e+00,4.369888677200307603e-01,1.852778075779011324e+00,1.163003872318040477e+00,3.152521922225918427e+00,2.417848538213814180e+00,-3.150887249350647679e+00,2.275507199801670488e+00,3.376337455269230042e-02,-7.040451477696052507e+00,2.000000000000000000e+00
4.361487849915590687e-02,1.911294107169265288e+00,2.832497458287428493e-01,1.174946767717539142e+00,9.452810662033317435e-01,2.707558442104587293e+00,8.276888607259373920e-01,-2.121662535690800322e+00,1.092378851818408547e+00,3.689922870325615945e-01,7.301095874712149936e+00,2.000000000000000000e+00
-4.219391826445797022e+00,1.923720635316968686e+00,6.330519641111241880e-01,1.922448818155308992e+00,1.513211675927670807e+00,2.118977608222488929e+00,2.205105823135913745e+00,-3.957800342748356126e+00,3.584658901822240118e+00,3.528149310621748302e+00,1.429389512933386719e+01,2.000000000000000000e+00
-3.116269717501395142e+00,1.143635712384083902e+00,1.365647447894738353e-01,7.245860699112715020e-01,1.300994552518855540e+00,1.876513970994663882e+00,1.718190088429000895e+00,-2.706047691239215514e+00,5.245491536807032062e-01,-9.376374212192587487e-01,-8.350533139352680934e+00,2.000000000000000000e+00
-4.096613862447887833e+00,1.786721362697359039e+00,1.164307126642590839e+00,-4.363164370921726043e-01,8.187467779991004502e-01,2.147325028701085436e+00,2.352789175247517850e+00,-2.891094507271000147e+00,2.857302741030769422e+00,2.470109856078691379e+00,-1.301306064781173788e+01,2.000000000000000000e+00
-1.940525816860255270e+00,2.055896688176297449e+00,-5.322586122368623274e-01,5.307851673770999090e-01,-2.706490466289952490e-01,1.518237267126426815e+00,-1.057803260407998769e+00,-1.836686176444139784e+00,5.972524929275472294e-01,6.019111916514178207e-01,-1.348064236414327155e+00,2.000000000000000000e+00
-1.742251948286245078e+00,1.625058621105451850e+00,-4.993249471945805373e-01,2.334025569851032156e+00,1.348760956420980150e-01,1.329110210056952512e+00,7.210929598641546701e-02,-1.693807420062527491e+00,-2.031188184674337371e-02,7.665261897635551325e-01,9.413066286190089116e+00,2.000000000000000000e+00
-2.670398787116429418e+00,1.926002366142828048e+00,-7.149630112498608359e-01,1.790343523322407204e+00,2.771303846117297853e-01,7.288118633820404035e-01,2.819089579449887140e+00,-2.000330122464654359e+00,1.758485061910150193e+00,2.536439089787440704e+00,-2.690990896226950202e+00,2.000000000000000000e+00
-1.587545579726294731e+00,2.034897836168842122e+00,-8.712596890151458329e-01,2.169424685838192257e+00,5.397851312263535206e-02,2.338094994659177583e+00,2.735293457601725153e-01,-1.370955179791060852e+00,1.382032896413897483e+00,6.858871980326831652e-01,-8.023680592228361164e+00,2.000000000000000000e+00
-6.477911113903134233e-01,1.634020947469392304e+00,-1.016896796500039724e-01,5.093190768606327135e-01,2.067301155217229347e-01,-2.327203377392690342e-01,4.085242889926815613e-01,1.304894080896730202e-01,-2.299795201138126188e-01,6.872036256306294222e-01,-7.753667243601909398e-01,2.000000000000000000e+00
-4.352014608531321826e+00,2.214832648140779625e+00,1.340705923660539867e+00,7.069461952281255179e-01,2.404230918578925902e+00,1.156958924211385131e+00,3.235390433970465551e+00,-2.711340307716205267e+00,1.680782633597317943e+00,7.519104288462147290e-01,-5.356466345948965868e-01,2.000000000000000000e+00
-2.758034456550781499e+00,2.225965581480831457e+00,2.624130702137300597e-02,1.583382093746001695e+00,-1.854339828843076798e-01,1.171298430551236169e+00,5.331640428974857571e-01,-9.592424617647570262e-01,2.272344383121580602e-01,9.084220714883132208e-01,-6.256172077599597259e+00,2.000000000000000000e+00
-1.837058453818559256e+00,-6.829112818347193858e-02,-2.039756224936645213e-01,7.087405772900627898e-01,1.216410395306757097e+00,6.712406852922629952e-01,3.576146418265306437e+00,-2.187766256573937529e+00,2.209933633431251820e+00,1.162334883506734862e+00,-6.491668870695958660e+00,2.000000000000000000e+00
-5.912389737555638902e-01,2.314796445945667358e+00,1.176988710621775125e+00,-3.056788400379268911e-01,2.319204088152781562e+00,1.778279222021210693e-01,1.901544939019925273e+00,-1.306484815687135370e+00,1.828130847072084286e+00,9.646952400132421390e-01,1.277396394729968421e+01,2.000000000000000000e+00
-1.971489462953845084e+00,2.624757862336286607e-01,-2.781219244540837909e-01,1.681444488051189845e+00,2.030763592084261049e+00,1.439804453676812646e+00,8.796412674498370610e-01,-1.206263527000104752e+00,6.045016433804646372e-01,1.108789014740608342e-02,-3.668925613753364789e+00,2.000000000000000000e+00
-2.588062083694941506e+00,1.618769010910604766e+00,5.001163675223089244e-01,-1.051781409141796519e-01,6.910973827280635362e-01,2.602199137868050016e+00,1.907428507635079429e-01,-2.122214567407221697e+00,2.784807411122609544e+00,-5.408163891210084895e-01,-1.777081620585494193e+01,2.000000000000000000e+00
-1.746394812734759938e+00,1.549030515856760326e+00,8.316499628705040781e-01,-1.467220185633528740e-01,1.562712396491434674e-01,-1.076501160669942614e+00,8.501378243203083773e-01,-4.505149612855685604e-02,-7.654637985257339849e-03,1.850443896241357855e+00,4.302388733118142738e+00,2.000000000000000000e+00
-3.747352813406218619e+00,3.527745509839811611e+00,7.020186377318549109e-01,9.676625100007838487e-01,1.819865429149764902e+00,2.493443806286484765e+00,-8.572571626628731067e-01,-2.638338664045544846e+00,2.255023682028760579e+00,-1.717409583373861182e+00,-8.200913741569693105e-01,2.000000000000000000e+00
-4.215062520873520846e+00,5.219563535352385042e-01,8.536220116153494519e-01,2.437561933937575365e-01,3.443144058474491231e+00,-2.020500183975104669e-01,2.938123609922755897e+00,-2.771420072532428058e+00,1.723009326331401692e+00,4.846389139758693898e-01,7.205528168729177452e+00,2.000000000000000000e+00
-1.855693224739134894e+00,1.259729663137587830e+00,1.093490749556435437e+00,1.105302151916990994e+00,1.215100087148145880e+00,1.239464454579065178e+00,1.197435999421150310e-01,-1.636252309572397312e+00,5.074785117064484208e-02,-1.758018769628691080e+00,8.172287443176234234e+00,2.000000000000000000e+00
-3.205595268673671505e+00,2.489377176446550877e+00,1.030345646061205933e+00,4.791137238041421886e-01,7.663016488609598609e-01,2.230325219109126511e+00,2.904443353507844883e+00,-3.432478368595287321e+00,6.996839098343262675e-01,5.178064825539129279e-01,-8.823910020642400376e-01,2.000000000000000000e+00
-5.266536095486840097e+00,2.033854622525215650e+00,3.403267444266839248e-01,1.406344542078907356e+00,2.153887907809821201e+00,1.629552284620310543e+00,1.080408474024787013e+00,-3.273523039933357026e+00,5.537942548468215431e-01,4.197926828559983004e-01,3.085878898600424858e+00,2.000000000000000000e+00
-2.363314660696442360e+00,2.482947144208914381e+00,6.180396076250825876e-01,2.159259667714297670e+00,1.063355885017261970e+00,2.856707773103917436e+00,-2.747837117135110141e-01,-1.409299935010462246e+00,-6.252210269939095788e-01,-2.607309237483767195e+00,-4.933323975534161576e+00,2.000000000000000000e+00
-3.227699749779764371e+00,1.698153779903624594e+00,6.631237651272805511e-01,1.742839479134146163e+00,1.423630975074786642e+00,3.098314821241561656e+00,1.973903891630482299e+00,-3.704991352619677603e+00,1.433585175165681846e+00,-7.633668829878283157e-02,2.664244061165617961e+00,2.000000000000000000e+00
-2.198658698884770057e+00,2.609683161609875235e+00,1.110865355826764933e+00,1.261948667217154263e+00,5.475033316888416879e-01,2.467031134967219597e+00,1.891664838250411096e+00,-2.334107111705908011e+00,1.067024694564002507e+00,5.734228621823648370e-02,-9.184711296298421201e-01,2.000000000000000000e+00
-3.219350498126861027e+00,3.432668129448667393e+00,3.510440492534532830e-01,2.009282827408842564e+00,-2.023612132515459905e-01,1.717615702403839872e+00,-4.712551482271696290e-01,-1.159010673457109730e+00,1.407152598735992077e+00,2.252742509416346128e-01,-3.564182965257590929e+00,2.000000000000000000e+00
-4.060936860876833698e+00,2.666799930326279267e+00,2.244971306461681637e-01,2.170734134094414625e+00,-3.767218863155856745e-01,2.367085302184830375e+00,-1.136095893137076818e-01,-1.843892398544667799e+00,5.443501104882507713e-01,-1.135554374276985357e+00,-1.244293011693597961e+01,2.000000000000000000e+00
-1.902967750364209731e+00,3.333732713893721389e+00,3.664594736160118882e-01,1.884666598636817181e+00,1.831297091493662821e+00,1.758019135175263870e+00,5.887988677020008499e-01,-1.952532504848921713e+00,2.066430947789585026e+00,9.376036265441566320e-01,1.261384842385267469e+01,2.000000000000000000e+00
-2.527029478725750788e+00,8.053267701591002581e-01,9.227924409344865353e-01,7.020263816527649858e-02,2.895816410924851869e-01,3.307441153435711989e+00,1.405904328479691046e+00,-3.541145681076612206e+00,2.259190268838201288e+00,1.147911541569391236e+00,-6.257171672850515343e+00,2.000000000000000000e+00
-2.006877652980768811e+00,1.345146942991969574e+00,-2.139625583757170935e-02,2.846548447561422890e+00,7.038542229364166403e-01,3.570131432950252481e+00,8.526184729562981124e-01,-3.128191998289306941e+00,1.556132027243244398e+00,6.386370345702432338e-01,6.272234709233891259e+00,2.000000000000000000e+00
-2.859444827034063330e+00,2.897083175234232755e+00,3.916007632446639741e-01,1.083502165864715927e+00,7.620791810653185783e-01,2.481665484777805464e+00,3.608122168547001074e-01,-2.049045828921346679e+00,1.483597197097829001e-01,-2.659286130807378967e+00,-1.187957500361351748e+01,2.000000000000000000e+00
-2.168360915108520359e+00,1.012522774164758221e+00,-1.613078499008671063e+00,2.421204077054909476e+00,-2.512121294866329624e-01,6.778170772700116142e-01,-1.014927439262881537e+00,-3.316451964567281863e-01,5.733345864307691775e-01,5.287454296885092386e-01,-8.463368022837540749e+00,2.000000000000000000e+00
-2.967493719021899956e+00,4.693836986688161517e+00,2.209140344741038930e+00,5.740349584773806191e-01,1.373383507406095161e+00,3.062939341726456988e+00,2.586806921272614801e+00,-2.290989829001961464e+00,1.065052863791204008e+00,9.767139343212223324e-01,-2.802617939463534658e+00,2.000000000000000000e+00
-2.095361864614538661e+00,8.267423639852178319e-02,-5.319796202132770491e-01,1.921343993103066250e-01,1.611675256420693536e+00,4.365152901975331012e-01,2.567716026895130010e+00,-2.936655192217563659e+00,3.611830759795626289e+00,9.249418149319196258e-01,-1.030461400781695236e+00,2.000000000000000000e+00
-2.843867500329404052e+00,1.390452151173414919e+00,-6.300619499271944424e-01,1.693332641152614615e+00,7.291616126398557940e-01,1.792411602390264314e+00,-7.889126191901230101e-02,-2.166746670191712187e+00,4.049618278966653495e-01,1.092437289509282428e+00,1.985026877283959879e+00,2.000000000000000000e+00
-4.061823839774060474e+00,9.740988370220478032e-01,1.312898156825199170e+00,1.139926860574813849e+00,1.214012006253421871e+00,1.512618703129561260e+00,-4.327175760363537460e-01,-1.717453494238788458e+00,-1.223563727978966398e+00,-7.375889890403578009e-02,4.967571222540470899e+00,2.000000000000000000e+00
-2.470165567040130572e+00,1.166672005566396830e+00,2.702486564998947127e+00,-7.308148147992890031e-01,2.099503950886197678e+00,3.125369535448141889e+00,1.603775176470388253e+00,-2.183318397170954661e+00,8.004460262431376538e-01,-1.240309820790929329e+00,-9.684377888331793471e+00,2.000000000000000000e+00
-2.704502012622981066e+00,1.684203071127569729e+00,-6.519319269546459683e-01,3.087779980046525097e+00,1.505085096052890981e+00,2.744589640597586921e+00,-1.248906797600244367e-01,-1.346092185131849694e+00,1.620136613214954835e+00,7.311143991591053659e-01,-5.360103891707298729e+00,2.000000000000000000e+00
-2.512994711545837312e+00,2.515381883394560258e+00,1.351478258887558237e+00,1.685115127810536295e+00,3.262133761583679625e+00,8.014894261170892875e-01,1.304652427476474141e+00,-2.107861025014564405e+00,3.958283265740465406e-01,1.148313242769596343e-01,2.553203576758447113e+01,2.000000000000000000e+00
-3.794176960914170671e+00,7.384657693318905647e-01,-4.053824668748350346e-01,2.040795221393977954e+00,2.231363665348754299e+00,2.644353857165964605e+00,1.086077568984181285e+00,-3.667512924997420320e+00,5.007137859498906884e-01,-4.860530031802326456e-01,2.338484469083745854e+00,2.000000000000000000e+00
-4.758885526736067462e-01,2.143692762966310728e+00,-9.177799214376924919e-01,1.207885972510634121e+00,-6.954503754627947565e-01,1.905490899599302068e+00,4.426645542495788455e-02,-1.298197738550943114e+00,8.977636888473126131e-01,4.247998850913686231e-01,-6.870916499093257634e+00,2.000000000000000000e+00
-2.403469775499307293e+00,1.693662925075873016e+00,6.704116163327280553e-01,1.035726243675137326e+00,1.563339079162734624e+00,1.824772394756445149e+00,3.081349064182864694e+00,-3.314304717111085097e+00,7.017245190879545236e-01,-6.122022973425607084e-01,4.386839849717661721e+00,2.000000000000000000e+00
-2.627685737314348735e+00,2.167203836427129993e+00,-3.015208666424931128e-01,1.606965856430250916e+00,2.283863828028739995e+00,1.482487673358337421e+00,4.748636498592169186e-01,-2.275748303647044501e+00,1.366977661871121352e+00,-4.705002307649170934e-01,5.454341935412425180e+00,2.000000000000000000e+00
-2.679997714440131240e+00,2.364503825150147343e+00,4.175148336029909646e-01,1.920059619760573710e+00,-7.732919145652707993e-01,3.325479355737550158e+00,1.487886313692456941e-01,-2.977836377322230277e+00,1.444228740671658517e+00,1.969817623006944851e+00,3.461915806632183124e+00,2.000000000000000000e+00
-3.333607836069010233e-01,2.187267679792761932e+00,-1.493708079310433590e+00,4.281171571067203807e+00,-5.101631359767333507e-02,4.432475509892098486e+00,-9.036137893952487232e-01,-3.554413003724485876e+00,1.082032979392348437e+00,-6.726179006267337668e-01,1.574265534292110935e+01,2.000000000000000000e+00
-3.801143673569243653e+00,1.366278569551686584e+00,1.846175088823708843e-01,3.123044766127934579e+00,1.330554198263797616e+00,3.115467863927070979e+00,9.173360438654485360e-01,-3.342504040330294579e+00,1.343794803359316559e+00,-1.371532000627043058e+00,1.738675219952568130e+00,2.000000000000000000e+00
-2.267328462335720829e+00,3.900912844156965154e+00,1.561563407662322600e+00,1.911782777284524837e+00,1.549221678371337507e+00,4.554244328125745866e+00,-7.900231002140967185e-01,-2.434333962596272105e+00,1.086900803343689326e+00,-7.094258278966998343e-01,5.291399112930310622e+00,2.000000000000000000e+00
-2.037313249003630755e+00,1.949379614362211299e+00,3.659964578234011778e-01,1.840962138831240047e+00,1.064643013488993706e+00,2.087380032170315314e+00,2.488092176205967121e+00,-3.012096315480943254e+00,4.350581323910051035e-01,7.203385243730909826e-01,9.817015893688383343e+00,2.000000000000000000e+00
-1.142750831208880324e+00,1.692786841816267929e+00,1.729432247796675259e+00,1.942364504464237029e+00,-6.090157691774484849e-01,1.653304752349168849e+00,1.097880845595251564e+00,-7.629823579934589262e-01,-1.694884498843648224e+00,5.982861323255274089e-01,9.581493095433252449e+00,2.000000000000000000e+00
-2.768099252578829272e+00,1.197587712750194822e+00,-1.547299675462496138e+00,2.819859964598328883e+00,-1.089193439816712905e+00,8.843731988383283227e-01,2.205853424410520791e+00,-2.394005469545422482e+00,2.150666451633180820e+00,1.753157715864320787e+00,-4.881256609478873187e+00,2.000000000000000000e+00
-3.288527058747709120e+00,7.607422943387938119e-01,2.270835276866896457e+00,-1.260998985371187153e+00,3.555549573315261114e+00,4.376273919377817734e-01,1.974028908014163530e+00,-8.755263449278303245e-01,-2.675669721918336741e-01,-1.271583805501582898e+00,-8.489902913384709038e+00,2.000000000000000000e+00
-3.820912042840806322e+00,3.009571270313550873e+00,2.814357871463235128e+00,-8.315701823927472702e-01,2.727039421453185675e+00,2.483079467035706145e+00,4.174941836701292486e-01,-3.035203101283841853e+00,1.476974687069436687e+00,-1.255565050254678683e+00,5.271936689476298454e+00,2.000000000000000000e+00
-1.863637684731222155e+00,4.942904065175335315e-01,-2.184209027030491468e-01,2.404426964881314355e+00,6.102248839277809589e-01,4.282232076031023738e+00,6.809553528609935125e-01,-1.962233533460912671e+00,1.453478481026526881e+00,-1.207972240291325550e+00,-2.039753776270812580e+01,2.000000000000000000e+00
-4.290276752033526542e+00,1.928209988675303244e+00,9.935163715145789443e-01,4.429245276874068660e-01,2.458166251869450925e+00,-2.419825644350988014e-01,1.923852187877967967e+00,-2.302769856168641383e+00,-7.177776888200448902e-01,-6.265543209896229371e-01,9.303755234917350236e+00,2.000000000000000000e+00
-2.273526846122426726e+00,2.040132102643094747e+00,1.140249174116663156e+00,1.592157133844989803e+00,6.386687310458849520e-01,1.615118470294429898e-02,-7.707936713171190668e-01,-7.404224062142579221e-01,1.328091406142424935e+00,8.241466965153211310e-01,1.815770116128794953e+01,2.000000000000000000e+00
-9.789404648320529923e-01,3.172860947365554019e+00,2.568416666375174517e-01,1.646205166447684443e+00,1.113935821685338334e+00,1.914951792621058857e+00,-6.028346705124216776e-01,-1.247238680046120596e+00,1.945968460653698440e+00,-5.676866999028150618e-01,6.088105976919913509e+00,2.000000000000000000e+00
-1.316352482527071377e+00,1.510928009963895757e+00,9.326599483842181737e-01,1.502264109437068340e+00,1.293032558265475362e+00,2.600861407978873441e+00,1.450064022052653723e+00,-2.303625456742508071e+00,1.131564120917759375e+00,7.991008821524798744e-01,8.475102262152969246e+00,2.000000000000000000e+00
-3.199311036558127874e-01,-5.189516601579593491e-01,2.327850974721912825e-01,9.731271764624521703e-01,1.043983635306687141e+00,1.889557028261123595e+00,5.556853256360227977e-02,-7.429009101046843977e-01,3.554070620614739884e-01,-6.549344054367728374e-01,-4.511454178261130821e+00,2.000000000000000000e+00
-3.996505610908005490e+00,3.308635297236488526e+00,1.024258616845330039e+00,1.612888087755815381e+00,7.650948367886463153e-01,5.587394260308005123e-01,1.881303749390295543e+00,-2.125218429864811132e+00,4.296461120226376940e-01,1.464727827505497793e+00,1.077196765425309621e+01,2.000000000000000000e+00
-1.947353130376954233e+00,2.116313993076168298e+00,1.333928901145123636e+00,-5.420436964043708894e-01,1.826755217787494390e+00,2.450054196649755767e+00,9.006186683583855546e-01,-1.962468384502944474e+00,2.167807078744950822e+00,-9.180909374224720532e-01,-9.739799057705907259e+00,2.000000000000000000e+00
-2.874199886312279073e+00,1.819376924472934975e+00,-1.961803473722617541e-01,3.164608140685738036e+00,7.685985014895324596e-01,2.540598492340254033e+00,-6.550224491349034839e-01,-1.909697063708721831e+00,7.561300151460639274e-01,-2.042821790390094261e+00,-7.130210397715834869e-01,2.000000000000000000e+00
-1.189469453743357219e+00,6.891677454905464906e-01,1.351451556361169537e+00,-5.733236862093504804e-01,1.586946671699424050e+00,1.391097017683641024e+00,-1.019115834623344208e+00,-2.360544631110679248e-01,-4.773119229607618585e-01,-6.922319904777777255e-01,-3.971164353429470051e+00,2.000000000000000000e+00
1.040106028031352547e+00,1.620438879232370510e+00,-1.106318309984883230e+00,2.580859355244056186e+00,-1.984531638834033496e+00,3.048888338515074459e+00,-1.171873168819853150e+00,-1.062805435068918003e+00,8.106972412036679287e-01,-3.368670006264106176e-01,-3.430325316598937135e+00,2.000000000000000000e+00
-4.350120632787092489e+00,2.673169681903707406e+00,1.508548511923228919e+00,1.673958214084273033e+00,1.420024210335437242e+00,4.172360612793614365e+00,7.478046793474280030e-01,-3.170404924023618953e+00,8.450251981143750424e-01,-1.078219451297601550e+00,-7.267520443949473830e+00,2.000000000000000000e+00
-1.285797092191872881e+00,2.221316075714529603e+00,1.188669121347304403e+00,9.810090289769628491e-01,1.907838020621753561e+00,2.291063186092012760e+00,1.135522687810662568e+00,-1.530255251103924241e+00,1.217717532766613431e+00,-2.308950711545081635e-01,2.053905079247501764e+00,2.000000000000000000e+00
-3.419525874423509304e+00,1.483003069892858461e+00,3.059374229623990971e+00,-7.028103922295287909e-01,2.343976087184092894e+00,2.367122404580971118e+00,6.855286153107584823e-01,-2.528391319191916065e+00,-4.886032603300316524e-01,-1.742311588705162784e+00,3.417567338581875447e+00,2.000000000000000000e+00
-1.909187187733818902e+00,-2.404277276354327419e-02,1.151789387767432338e+00,6.458443260683353060e-01,1.694390875596144097e+00,1.383099629440866840e+00,2.381403595704135734e-01,-1.165243779915533295e+00,-8.911003182988650462e-01,-9.492126683905236506e-01,2.569622562028270885e+00,2.000000000000000000e+00
-2.748273032262641635e+00,2.342374514621297532e+00,1.035840814567441925e-01,1.979575408753714960e+00,1.271371453649909444e+00,2.364889082309958201e+00,-1.648665647572820081e-01,-1.857990839571923791e+00,1.958378831225958683e+00,2.560790845178502750e-01,-1.933987225529646414e-01,2.000000000000000000e+00
-2.071524990514933329e+00,4.173178679301721150e-01,-9.263738502136817932e-01,2.139719831889784540e+00,-2.924375667011824831e-02,5.653539600709964752e-01,2.962033812413285894e+00,-3.129110786892144613e+00,1.542048497189219658e+00,2.576568149408631658e+00,1.150095381245223791e+01,2.000000000000000000e+00
-3.734504783062892130e+00,2.757677323834910155e+00,-5.515726769506732463e-01,3.068396043896211900e+00,1.567637199982605756e+00,1.555020787187297859e+00,-1.158045854162713217e+00,-1.093035409911019329e+00,-1.164374691657769301e+00,-2.595182582235620927e+00,-8.494190725139039166e-01,2.000000000000000000e+00
-4.322944542610455798e+00,1.504486279517778247e+00,4.327404405510597019e-01,-1.571059685223372693e-01,3.274940702396753167e+00,1.905746340849287179e+00,2.313053333886512242e+00,-2.282182348682158413e+00,2.103614705803685148e+00,-9.995211684879463654e-01,-2.295655282458521995e+01,2.000000000000000000e+00
-2.513244104328333339e+00,2.441267429805466627e+00,1.223231063557665088e+00,1.754509893495479922e+00,-1.387191546073218706e-01,3.823170578994995683e+00,8.699198751152947828e-01,-2.471049768751296671e+00,1.282808348873651028e+00,-2.049175782400406653e+00,-1.172657701318847145e+01,2.000000000000000000e+00
-2.588260773499070577e+00,2.708027923220654110e+00,4.257467503734964076e-01,1.073218920911381824e+00,1.154558546330002322e+00,3.483654070588375617e-01,7.304310791918239287e-01,-1.066055158763447919e+00,1.622257287355637789e+00,2.325028083332318030e+00,7.310828195971815546e+00,2.000000000000000000e+00
-4.059655475022726279e+00,2.862737474834351481e+00,1.401775509898255168e+00,1.373758605719825443e+00,2.889271799769869808e+00,3.187624576962230893e+00,1.339740044094671845e+00,-3.748371740910793726e+00,1.060998611733675601e+00,-1.586355157764214763e+00,5.894601234861471362e+00,2.000000000000000000e+00
-1.569644377798944390e+00,2.289819001877472893e+00,3.141345853179855485e-01,1.049485474850269773e+00,1.081772331478895177e+00,9.043102274641898752e-01,8.974976836284078718e-01,-1.698325846615352575e+00,1.370095922756217721e+00,-5.166255306979510020e-02,6.768547829638928093e+00,2.000000000000000000e+00
-2.844529128880342483e+00,2.198092788677133314e+00,1.331517541698514329e+00,1.841366842817441007e+00,5.940612205214287345e-01,2.414453575207678782e+00,8.760680060771551814e-01,-3.523731685236229705e+00,1.717539388096222419e+00,-4.892541939908526816e-01,1.526514580910530938e+01,2.000000000000000000e+00
-3.737484891707687051e+00,1.615273803151931586e+00,1.380537414575324195e+00,1.271155816581395204e-01,2.250695985512700226e+00,1.610435699902769358e+00,2.620519950467655512e+00,-3.610191384951304983e+00,1.799986723366090002e+00,-2.013356731331868155e-01,4.003963797926198609e+00,2.000000000000000000e+00
-4.288224636131213074e+00,9.525787201186075581e-01,-2.501153905538066047e-01,1.439846089082347680e+00,1.570810099382878189e+00,1.641816683947396216e+00,2.289874445629618283e+00,-3.988316444336953204e+00,1.907042832819356715e+00,1.675579332012163247e+00,4.436414975441109299e+00,2.000000000000000000e+00
-3.097935284120818977e+00,1.178624752345745152e+00,6.461207054637605474e-01,1.856657447535232652e+00,4.818437160662946139e-01,2.404825455560138714e+00,6.782705919568257080e-01,-2.033136488338548542e+00,-3.026040710440860426e-01,2.958052713883960738e-01,-1.380313850681418097e+00,2.000000000000000000e+00
-4.529470821318390961e-01,4.704433996118595473e-02,-1.164408879835063804e-01,1.283796734466535749e+00,6.723724093689840142e-01,8.238971382703530466e-01,1.537002680982101577e+00,-1.234802160723502018e+00,6.373054646526390421e-01,8.877209294835203268e-01,4.295981507603879201e+00,2.000000000000000000e+00
-3.661394958348699102e+00,1.083853068733542147e+00,6.434978114622584844e-01,1.244042840537758821e+00,9.308917471351590978e-01,1.891373549680003929e+00,1.602070824147098005e+00,-2.199681804168982957e+00,1.286020798723760183e+00,1.474248420438509927e-02,-8.909356808653235760e+00,2.000000000000000000e+00
-1.026748903962868997e+00,4.879121796255292409e-02,1.715366556401844100e+00,1.382328208701738559e+00,2.575551901379684594e+00,4.526347840811679291e+00,-3.049839797544178222e-01,-2.696268821606418342e+00,2.252806268980136473e+00,-1.224834024296151291e+00,5.427191897811244559e+00,2.000000000000000000e+00
-3.112750721426456479e+00,1.632528236079976880e+00,-1.719042683331567734e+00,1.845610786176133056e+00,8.144736205748777103e-01,1.762115136736858823e+00,1.548880340678548517e+00,-3.008826773467940363e+00,1.396926985620421613e+00,1.019592929483245758e+00,-6.853870537456667300e+00,2.000000000000000000e+00
-1.320461197436771483e+00,1.132689469134536164e+00,1.099355595417748743e+00,5.649849486982836400e-01,1.944301609822164600e+00,2.505413944154101014e+00,5.293863315137903314e-01,-2.010293500257528176e+00,9.954877878736630992e-01,-1.360737702497273993e+00,9.159161815525418415e-01,2.000000000000000000e+00
-2.525485606989918974e+00,2.311498640637622337e+00,2.777539541709261872e-02,9.977035768302616736e-01,9.595256880808320510e-01,9.630271590465149245e-01,1.793046949174024629e+00,-2.431210234824275673e+00,1.540122691203582583e+00,2.512384842207032953e+00,8.509458351486834715e+00,2.000000000000000000e+00
-2.879818769594080230e+00,1.230483718367815893e+00,1.500262046999391252e+00,4.689530954507971083e-01,1.074867467154195566e+00,3.069744096953601176e+00,-4.938518257276738321e-01,-1.330647515015043414e+00,1.812325040601816983e+00,5.236806416864571156e-01,-1.231772668191475617e+01,2.000000000000000000e+00
-2.724879504222101012e+00,3.005090430861496742e+00,9.135665573802083106e-01,1.819814615155282311e+00,3.963294768077285646e-02,3.371904272248055001e+00,8.585872517479808952e-01,-2.184604472786860097e+00,1.718430072968732514e+00,3.903438122412131173e-01,-7.063230496604627540e+00,2.000000000000000000e+00
-1.549993089245977007e+00,7.900172739948054801e-01,-2.166973760959577389e-01,5.799467281210061165e-01,6.993075634838342713e-01,1.597139647605361201e+00,1.350045539134959727e-01,-1.954970695443017270e+00,3.677145684576259566e+00,4.222570835807398226e-01,-5.036374119671484628e+00,2.000000000000000000e+00
-1.482135422537643965e+00,2.253846402060434073e+00,6.679362101409201946e-01,2.383073796656578924e+00,2.755286853595299013e-01,2.982381278889199905e+00,-1.213692103910283704e+00,-1.570060349515484566e+00,2.851298180487306100e-01,-2.399821771041696472e+00,2.544225472868665072e+00,2.000000000000000000e+00
-3.470454177150112951e+00,1.656269317906904348e+00,2.283408756935287443e+00,1.896098669373680323e-02,3.080183065455024849e+00,1.657639223936102635e+00,2.446565642559765053e+00,-2.791303243502738063e+00,-8.072137472047951068e-01,-2.759118689338607155e-01,9.684747436004329302e+00,2.000000000000000000e+00
-4.565513171611490506e+00,2.347945423824365552e+00,1.625248146555208884e+00,1.788000014524437908e-01,2.104830771770771491e+00,2.701989549694603365e+00,9.016154914341806270e-01,-2.588458390825705280e+00,2.506342997982432763e+00,-6.749614848665127509e-01,-1.234221902466073217e+01,2.000000000000000000e+00
-6.747695018899466657e-01,1.011017357535729300e+00,-8.575899153242745321e-01,2.364433237159158541e+00,2.860914313848572643e-01,2.555194061597888311e+00,2.808888319126583433e-01,-1.582009227619231906e+00,-1.155593710951028363e-01,-1.509407426523583728e+00,-5.427711892277122807e+00,2.000000000000000000e+00
-3.009106575807098061e+00,1.980613999086874522e+00,-5.902311879872734757e-01,1.743144726371781861e+00,3.723661257226731358e-01,2.129023612410944288e+00,1.721693675460608253e+00,-2.712842420839535418e+00,1.664158937291404516e+00,1.278069263685945867e+00,-6.272030085578684577e+00,2.000000000000000000e+00
-2.194077304545138052e+00,9.812053196610799333e-01,3.869925780954583949e-01,1.396990370846403540e+00,1.139194605942656091e+00,2.805184727040958670e+00,3.713841185019122193e-01,-1.440225299790513169e+00,-5.921227131219553019e-01,-1.762512398414650017e+00,-1.214585750378755868e+01,2.000000000000000000e+00
-9.446907421811212568e-01,2.498535692786906459e+00,2.975016443867012916e-01,2.842856008278381807e+00,7.180168531811159660e-02,3.115639212624571108e+00,1.713120300011567787e+00,-2.283548058640210154e+00,1.631957269848202774e+00,3.069444312145278020e-01,3.902647446708138457e+00,2.000000000000000000e+00
-4.035706867399289521e+00,2.107866598944768466e+00,2.031170049427718283e+00,1.060522410185597675e+00,2.553970973450158333e+00,2.683081910897025413e+00,3.131153873191782289e+00,-2.976861319762885039e+00,3.830315042528703584e-01,3.521483673510836798e-01,6.190241675846190894e-01,2.000000000000000000e+00
-1.056385606350958017e+00,6.757330943904225062e-01,-3.945413859282576041e-02,1.008225059420940983e+00,1.768871115344407219e+00,8.452501099655207462e-01,1.278767488153108811e+00,-1.612858292610812150e+00,7.371120240362585285e-01,1.769201424776481180e-01,6.030991135971119022e+00,2.000000000000000000e+00
-2.219773353485929857e+00,1.190997794204478932e+00,2.298497484415385372e+00,-1.549267036482075977e+00,1.745132768485260222e+00,5.323319841894669224e-01,7.927437177962970427e-01,-1.644263072677994764e+00,7.985348553082515233e-01,4.117416110091601800e-01,5.788501458111131370e+00,2.000000000000000000e+00
-2.196677933301772967e+00,2.247264999907083283e+00,-7.397832587041697217e-01,1.502881058551649440e+00,2.556575265018102172e+00,1.478673376534751061e+00,2.092965292398164756e+00,-2.468186486759897935e+00,1.233840979125308657e+00,3.014921483597614998e-02,1.072452771132903271e+00,2.000000000000000000e+00
-4.886665688669243224e+00,3.419716155643214073e+00,2.381342152713170179e+00,-3.420954563692422123e-01,1.708819602599973120e+00,2.107202269808377881e+00,-8.558851952410218011e-02,-1.023281175251057107e+00,1.359396788349700236e+00,-7.230230514177993228e-02,-1.520464559306180519e+01,2.000000000000000000e+00
-2.633659493223296622e+00,1.067695919782021274e+00,4.222938210372558232e-01,1.722630653211314478e+00,6.752923423291945504e-02,3.568922692441760525e-01,6.245966383477534745e-01,-1.333358958066022115e+00,-1.441829711793605195e+00,-1.942036701078342587e+00,3.320821490002749510e+00,2.000000000000000000e+00
-2.333873975267029444e+00,1.522850043920454643e+00,1.983804295747506052e-01,6.500767218074665621e-02,1.200997054538461395e+00,3.821682033447837412e-01,3.251027364384063922e+00,-2.255751798204996383e+00,1.193635735142573928e+00,4.623664581390944384e-01,-4.648505437910992910e+00,2.000000000000000000e+00
-2.094556773914358683e+00,1.528065677804120392e+00,-3.969747180899124706e-02,1.239344207229516215e+00,2.121372550012091462e+00,9.421636279064855568e-01,1.103318791427461587e+00,-1.775791541062403445e+00,-5.842416450556615626e-01,-1.747437624152791580e+00,3.546179002021990545e+00,2.000000000000000000e+00
-2.144647982718292933e+00,3.528150324390726844e+00,2.080565593623105336e+00,2.393790088670424421e-01,3.818024863346537678e+00,1.490684196480349444e+00,3.214553089323804791e+00,-2.746856362017783493e+00,-2.566087590738259649e-01,-2.064515591673065309e+00,1.400543016376871108e+01,2.000000000000000000e+00
-2.634263750132860959e+00,1.951644303857654084e+00,4.398443684462670089e-01,1.488469112854695409e+00,1.071346305154474043e+00,2.358130047405986307e+00,1.066465647660187477e+00,-2.101635973135401070e+00,1.318033800976382786e+00,-1.536989816441538981e+00,-8.300446205809087985e+00,2.000000000000000000e+00
-2.935801017966229054e+00,3.050417627595821912e+00,2.289707764806644619e+00,3.854783998656537980e-01,1.665424337001051747e+00,3.542450048138825913e+00,-2.300043749864288500e+00,-2.629058857367747137e+00,-1.457961081645799961e-01,-2.196409600169195731e+00,1.094616423158942808e+01,2.000000000000000000e+00
-2.529746867106041464e+00,1.407844810643613664e+00,-3.445973264894797161e-01,1.372097938745225898e+00,2.445253465585488506e+00,2.256199916596504540e+00,1.510947072281450865e+00,-2.710582182821769770e+00,1.028716033124709162e+00,1.262620327688609434e+00,2.536800585365757588e+00,2.000000000000000000e+00
-2.789661724976752577e+00,1.419355991695145702e+00,-1.321052080633809966e-01,1.441729337436879144e+00,9.804199421290258343e-01,1.170630502618176250e+00,2.791302825818937627e+00,-2.737022521056982072e+00,1.894182994344616899e+00,1.160013379629134977e+00,9.647020338021619623e-02,2.000000000000000000e+00
-2.429882748622111066e+00,2.580093184835344999e+00,-1.624165775586288163e-01,3.009310484662433893e+00,1.210584074544830857e+00,2.990961171360310811e+00,1.058233771871744944e+00,-2.505782736078136619e+00,2.568034616990294339e+00,3.812167842167473730e-01,1.462685209840833611e+00,2.000000000000000000e+00
-2.242043881177144371e+00,9.320255155561002480e-01,-4.524931853614064803e-01,2.023771407321502291e+00,1.038236310612519198e-01,1.248997020588402229e+00,1.950250140617194594e+00,-2.347229679448957995e+00,2.018151445755113294e+00,1.106937199172921105e+00,2.253250052287451288e-01,2.000000000000000000e+00
-2.714021849175333845e+00,-9.197621981529464641e-01,3.044710847942665444e-01,-5.607300503844052653e-01,8.024478338403919775e-01,1.598335537472738377e+00,1.808192209699612807e-01,-1.142456535449772659e+00,2.394643454938711002e+00,2.857076056698983457e+00,-1.749156308841952168e+01,2.000000000000000000e+00
-3.603064963594833081e+00,3.864062337944830450e+00,1.957028982311008525e+00,1.066582457226919356e+00,1.972841582036596986e+00,3.619160403400352610e+00,1.214950476243507493e+00,-4.149114298688088454e+00,1.304436012220989483e+00,2.461192716924776036e-01,1.431972988969630478e+01,2.000000000000000000e+00
-2.278705681390365001e+00,8.625770725252089877e-01,4.080652255159926134e-01,1.208275497071259252e+00,-5.443981338481707066e-01,1.575559184058136220e+00,1.888911884335779501e+00,-2.861332369812323861e-01,-2.367538137210261073e-01,1.580994372358798916e+00,-1.998375334225684341e+01,2.000000000000000000e+00
-3.499220349073622227e+00,9.645186837618549003e-01,5.225731444885924892e-01,1.282236016415814417e+00,1.871687510671827148e+00,5.118405738716336195e-01,9.169627731853468022e-01,-1.078081116230960479e+00,-1.478959383561988083e+00,8.636008486959355634e-01,3.740386761403948324e+00,2.000000000000000000e+00
-2.493726724448639853e+00,2.032411761363454694e+00,-1.416755457217420577e+00,3.618813278653986387e+00,2.215718540637188205e+00,2.212078336341599449e+00,2.577360413774198111e+00,-2.375003930431844434e+00,1.620403394629862159e+00,2.104170036027603052e-01,-2.042847059634721685e+00,2.000000000000000000e+00
-1.248824584488690936e+00,8.391257431396619282e-01,1.283292224940336679e+00,-8.583928979820920624e-02,3.284006533309193898e+00,-1.224767288106818341e-01,2.347530285724579002e+00,-2.432680401369537115e+00,7.764437216000711350e-01,-5.266309147253764866e-01,2.259987914694331579e+01,2.000000000000000000e+00
-2.029420717989887990e+00,1.475677313483243935e+00,6.889284441506008383e-01,8.057503437611730490e-01,1.575185251206367765e+00,1.545005968485615444e+00,8.556196224909146109e-01,-1.330663101624202316e+00,7.285116063448113799e-01,1.226138575725389812e-02,-1.967577682465388111e+00,2.000000000000000000e+00
-2.098703523462475129e+00,1.648967691607473585e+00,1.329689756874121720e+00,2.426739290277855066e-01,2.021635612884091326e+00,3.019227869183201740e+00,1.118483307428755458e+00,-2.911077184859980793e+00,1.691356791920200608e+00,-1.053866006701534630e+00,-1.091214009335867985e+00,2.000000000000000000e+00
-1.238160675062450977e+00,2.542785493247412987e+00,-3.447865870485983253e-02,1.980462631157756004e+00,2.578032682133710729e-01,2.748332594245421756e+00,6.602477218085240906e-01,-3.178291470153945752e+00,1.150841370453815848e+00,-1.382701363251192250e-01,1.127306068774102599e+01,2.000000000000000000e+00
-1.494210648971989075e+00,5.480600598287048708e-01,4.855499616710621802e-01,5.862234837249803432e-01,5.190672933317778126e-01,9.336374479952112004e-01,-3.872274439799343604e-01,-6.061987823103596185e-01,-4.060591376881810266e-01,-2.581257506473067842e+00,-7.976766770897103953e+00,2.000000000000000000e+00
-3.508175335953653384e+00,3.025265802274372362e+00,1.397362656416879734e+00,1.449106110422590188e+00,3.171578455951149067e+00,4.108922370895665033e+00,6.167133295669914306e-01,-4.037068695900006610e+00,2.230259451078729249e+00,-1.835460448923705412e+00,6.320896639080020307e+00,2.000000000000000000e+00
-5.672137352926618803e+00,1.789687461012042347e+00,1.023945047892141025e+00,1.824519204370449010e+00,2.060292924870456233e+00,9.429511969324817500e-01,1.118464350819226683e+00,-1.952741555565720377e+00,-7.204749707287718685e-01,-4.390889402290608645e-01,-6.163669439031179698e-01,2.000000000000000000e+00
-5.882159268304765209e-01,1.323263885985742405e+00,9.419496538804522645e-02,1.626412053999388485e+00,3.763143383590561442e-01,8.290724967672589152e-01,2.351784460023624845e+00,-1.769222629830621285e+00,2.808783185506489311e-01,-6.986184293011490354e-01,6.276654945085579307e+00,2.000000000000000000e+00
-4.550993623322636239e+00,1.118180932728609855e+00,1.575427875704082936e+00,1.207720473285691209e+00,2.582835714935489690e+00,9.030741441884970744e-01,1.680142296145180847e+00,-1.871002913795051459e+00,9.769344299268450937e-01,3.842079760243948261e-01,3.238898832518184889e+00,2.000000000000000000e+00
-8.955939252652493909e-01,1.133439099523556592e+00,-8.703152430440337373e-01,1.391766158519690544e+00,-1.055124272311664724e+00,-3.365435792678757032e-01,1.785186757291286508e+00,-9.770495271201795617e-02,5.603003753886759419e-01,2.172518115084104640e+00,-6.475382025589723867e+00,2.000000000000000000e+00
-4.608531397894339854e+00,2.589673497147022996e+00,7.904423761053580577e-01,2.036177240322583071e-01,2.483555521400403254e+00,6.931870002255022811e-01,2.209791702228451449e+00,-2.470286309898146460e+00,1.489835295781284152e+00,1.459457619224418856e+00,-3.590315505149762609e-01,2.000000000000000000e+00
-2.947452913158974397e+00,2.755350164796618095e+00,4.457163594445373023e-01,1.513660968221800962e+00,7.873707637268312354e-01,2.107089076440286757e+00,2.104580468522718739e+00,-1.758474149709403855e+00,-2.487858742021122893e-01,5.330431165005209415e-01,-8.058796677931930219e+00,2.000000000000000000e+00
-2.730207617918566587e+00,2.694455127476141243e+00,7.916028760952871224e-01,1.191211732015285962e+00,2.657107469802674871e+00,2.894060666469120857e+00,1.095199692608215258e-01,-3.095336197518161470e+00,1.831722907174926362e+00,1.683157112254297649e+00,1.522231971701208408e+01,2.000000000000000000e+00
-4.689249551597264087e+00,3.476194930429257646e+00,1.786668558234824511e+00,7.784081012050734216e-01,3.023869446223135249e+00,2.287161770613960421e+00,1.518675834136455460e+00,-2.361974887483992092e+00,1.111614971678910102e+00,1.425544898352868017e+00,1.680217117821725337e+00,2.000000000000000000e+00
-3.062963630719735431e+00,2.403098093380805267e+00,4.197013201842447194e-01,9.093881099725037442e-01,1.282387607043174560e+00,2.432398573406044928e+00,5.143614060324878112e-01,-3.134214543544536546e+00,1.716919577557374010e+00,-5.857300699818324130e-01,6.318103766124627541e-01,2.000000000000000000e+00
-1.172068359112346858e+00,1.797790313635278858e+00,6.162145796126775599e-01,1.187985730062370182e+00,1.966915177542490678e+00,3.390943321037448221e+00,4.474587344408545997e-01,-2.615775464650888171e+00,3.333561148047306855e+00,-1.496547562142443999e+00,-1.360878083510602909e+00,2.000000000000000000e+00
-2.555277508143289911e+00,3.297760402728692419e+00,1.445029937282717558e+00,2.174768669468569726e-01,9.387958343658772131e-01,9.198065227574274694e-01,2.239380878152097409e+00,-1.610581811780216421e+00,1.926233120961684531e-01,8.172514516793631945e-01,2.218554667654240919e+00,2.000000000000000000e+00
-2.508651941814397546e+00,3.294410464248962889e+00,-1.430079852951685604e-01,1.506609203779236683e+00,2.684421512196903947e-01,1.686686963798174732e+00,2.827229213412827402e+00,-1.881144155606065294e+00,1.392661398109970472e+00,1.537736049022312423e+00,-8.917578940595909387e+00,2.000000000000000000e+00
-2.449464213665268453e+00,2.053456213726049917e+00,1.531040551288662677e+00,6.281058281223772521e-01,5.953594340301520127e-01,2.500199723863286483e+00,1.223737267556442632e+00,-2.035049730243737365e+00,-3.119595091799398645e-01,-1.904830754013568939e+00,-7.107048370052620356e+00,2.000000000000000000e+00
-4.382539345887309423e+00,2.561628550641785740e+00,-5.121052886314003683e-01,2.294595443608060670e+00,2.691426076577895898e+00,4.040287421230694065e+00,2.263562800077607573e+00,-3.272862160285838762e+00,2.224350953118467089e+00,-6.121650474140610809e-01,-2.011142293851791152e+01,2.000000000000000000e+00
-9.870458719673784742e-01,1.990145986818486756e+00,4.171911327913830903e-01,1.638859933838099803e+00,-4.905507886703253106e-01,1.500008963274621188e+00,-6.900862929137279167e-01,-1.930082470272711515e+00,1.071459363954603283e+00,-6.874893006034314968e-01,1.323885061261668561e+01,2.000000000000000000e+00
-3.165392496993048255e+00,3.415636205919580171e+00,5.999694376782706007e-01,1.611747125103093259e+00,6.534464481011398318e-01,3.097717079663385942e+00,2.292826345677382527e+00,-2.762803555536157418e+00,3.191978838736921897e+00,2.704826421202126241e+00,-5.818811950513399722e+00,2.000000000000000000e+00
-2.992023954638615812e+00,1.769446930328790524e+00,-4.824616949128313070e-01,2.406853163836815135e-01,2.276199805348733562e+00,-3.624181684671246018e-02,1.284955215962735320e+00,-1.783043921480124361e+00,2.149937241377892327e+00,2.302761761831034537e+00,2.148840513607298774e+00,2.000000000000000000e+00
-5.024602048279491306e+00,2.500237641100036878e+00,-2.950561285882652429e-01,2.600383371726161297e+00,1.927009591041366043e+00,3.977317530756412367e+00,1.103972212363698580e+00,-3.995216779445161404e+00,2.861021567513425179e+00,1.199608982719444050e+00,-5.461479048703628436e+00,2.000000000000000000e+00
-2.426397101510891829e+00,1.271669451817841523e+00,1.374361748234813163e+00,3.589591433519601082e-01,1.647603102263732300e+00,-2.261527272975789593e-01,3.281940228370404000e+00,-7.702535426897241244e-01,-8.045100138996565953e-01,1.850876001896447853e+00,3.436385149852119181e+00,2.000000000000000000e+00
-3.306177464511469211e+00,1.141316362234403137e+00,1.047546090354680048e+00,-3.075581052730471665e-01,1.936414201815037428e+00,1.716555088355709024e-01,2.560715869336879003e+00,-2.251988240157591914e+00,1.056545863829676968e+00,1.463456519484653606e+00,3.301144535806631364e+00,2.000000000000000000e+00
-1.857336787543629075e+00,2.701290907565661037e+00,1.610304566409765714e+00,1.366189263659849162e+00,2.098241017674000286e+00,3.520080473428714996e+00,1.452432253204573254e+00,-2.396477958124401564e+00,6.803681775695882283e-01,-1.325362137088423209e+00,1.212372504760711234e+00,2.000000000000000000e+00
-2.562023301673249875e+00,1.807527900039322732e+00,3.456490779289797532e-01,2.238579096362009579e+00,1.796452005369400418e+00,3.774588911883122400e+00,8.731908596896748032e-01,-3.040767600373074586e+00,-2.254095317856854575e-01,-2.766768868541719106e-01,3.231755499608047977e+00,2.000000000000000000e+00
-4.185996218614901565e+00,1.799831820750927180e+00,8.525921426397620184e-01,2.108134967959955475e+00,1.017031331396085259e+00,1.213425017004079232e+00,6.669946709498120185e-01,-1.262931065959874033e+00,1.354538454289713867e+00,1.845231708533288995e+00,9.446949489280214163e-01,2.000000000000000000e+00
-1.180545712488606735e+00,1.244677146568681003e+00,1.518059964228340997e+00,4.305323763504151913e-01,2.178377308449213956e+00,7.026079343950555334e-01,1.610709232752838949e+00,-9.082937918916240694e-01,-9.002237254084954898e-02,-5.413843277413077359e-02,8.206451944769669993e+00,2.000000000000000000e+00
-2.030748320037611965e+00,1.899049187792259064e+00,-2.324730646466737216e-01,1.736141472736765001e+00,6.695035063622952753e-01,1.253878249573262327e+00,6.696127630172510337e-01,-2.259751587363280745e+00,1.569383956245941292e+00,4.153373243134690918e-01,7.466486719379543224e+00,2.000000000000000000e+00
-3.278000080938980432e+00,7.524944019525986461e-01,-6.333938872799098618e-01,1.355170886783093165e+00,2.487594310551686672e+00,-5.240574610870796235e-01,3.538780328263587016e+00,-3.379567016969021509e+00,2.009334779383170400e+00,5.812951619349292498e-01,1.262433889416078081e+01,2.000000000000000000e+00
-3.247718875678153871e+00,1.992812159282028706e+00,-5.764284560978241156e-01,3.331288281411838526e+00,2.347537588757775850e+00,4.891899135403050991e+00,9.927779606112614452e-01,-4.245427500073843063e+00,1.545947129289079847e+00,-2.164804743814198407e+00,-3.399574487024809688e+00,2.000000000000000000e+00
-3.082522613016866586e+00,1.860286036605950377e+00,1.872278977452865423e+00,-8.550923051704897304e-01,1.511498967637813440e+00,1.795891727338455590e+00,-6.722253102021213955e-01,-1.850611131997707881e+00,5.891662758948920109e-01,-1.575745082945459452e-01,-1.596911392061108048e-01,2.000000000000000000e+00
-3.121777965654125353e+00,1.552224235348099057e+00,9.472961942126205681e-01,1.212600649139565778e-01,1.240846792912577268e+00,8.065193221981381555e-01,2.041281874143167752e+00,-1.297765953253715798e+00,7.685298184057485216e-01,-1.637552522912611719e-01,-1.139784759931741043e+01,2.000000000000000000e+00
-2.725485259422427919e+00,1.288803616050206546e+00,1.862529083464955493e-01,2.572009382398046107e+00,2.991256901704920423e+00,3.269033034871660526e+00,1.581088223546193605e+00,-3.288554677056647613e+00,1.229222791090769373e-01,-2.966911472871908817e+00,2.461633383125975794e+00,2.000000000000000000e+00
-2.698148197616664135e+00,2.422410508376082738e+00,1.436184216858950258e+00,1.127139507872373381e+00,1.593894859074923787e+00,3.273673534353924275e+00,5.873906815722720332e-01,-2.911156486231085694e+00,6.624114032054497780e-01,2.189289481745297916e-01,6.939892765449795498e+00,2.000000000000000000e+00
-2.656766043234880748e+00,2.222445031191851772e+00,-5.444299965987574597e-01,2.632443805760721567e+00,9.475618173150456292e-01,1.884601213904883998e-01,2.386176728826127302e+00,-2.373606520201607673e+00,5.040143886870991352e-01,1.285320006353927402e+00,1.575845563367532343e+01,2.000000000000000000e+00
-1.990952799624270630e+00,4.204354796995261268e+00,1.963757079565238151e+00,1.218702095350296943e+00,1.505059459890199181e+00,4.029488929807368613e+00,7.468287076746940034e-01,-3.143631705837243828e+00,8.531932032083344719e-02,-8.633052254938997638e-01,1.067531738529484819e+01,2.000000000000000000e+00
-2.739318637032436055e+00,2.215351478738139424e+00,1.869696248657712001e+00,-1.938058084715958973e-01,2.943930910377206445e+00,2.379917695168343617e+00,-1.522170920136700634e-01,-2.276037845990954711e+00,9.360503719837858227e-01,5.387237316253010722e-01,9.840586475623219087e+00,2.000000000000000000e+00
-3.791099028870350551e-01,2.575117196492032523e+00,4.767679710428114337e-01,1.902901241620935879e+00,1.277156937214785071e-01,4.799373773241532248e+00,-1.162008844210483227e+00,-3.295691846969695860e+00,1.059333704053621039e+00,-7.747165423467091694e-01,1.034125700379630075e+01,2.000000000000000000e+00
-2.585564609610185638e+00,5.199723624073140371e-01,4.338035766955795069e-01,4.105335931152698237e-02,2.174074991793398137e+00,7.140731210029429565e-01,3.630659134368586116e+00,-2.888169983446720490e+00,-1.007888854830902847e+00,-1.304441602209162679e-02,1.960573278714141665e+00,2.000000000000000000e+00
-1.212414975374028536e+00,6.468267176555444475e-01,1.319251407252904351e-01,1.215672552296712228e+00,1.504754696769703415e-01,1.828881832763909143e+00,5.505428472697466713e-01,-1.043421671288304653e+00,1.843059587709806824e+00,-1.470432866502132674e-01,-9.902421641559103094e+00,2.000000000000000000e+00
-3.541644780459897390e+00,2.621265231220671232e+00,-4.134292964268855286e-01,1.935425485622392472e+00,3.297326605907335839e-02,2.598720108780281812e+00,2.696280866590051950e+00,-3.480797550178746036e+00,2.747395982217404775e+00,4.252792929502115626e+00,-6.742046776994485846e-01,2.000000000000000000e+00
6.286303064831777476e-02,2.175015491250007482e-01,-7.267781050656740849e-01,1.072410974961973462e+00,1.241606159859975911e-02,3.175042524463322025e+00,6.180668200486805208e-01,-1.180650611719017418e+00,3.017676579048325536e+00,3.850890712673838312e+00,-1.230496178235655691e+01,2.000000000000000000e+00
-1.650242625612364122e+00,2.443495022187235577e+00,1.329249270496066337e+00,1.660921455601251928e-01,2.252977419915582757e+00,1.296012729282789877e+00,7.344016396202914798e-01,-1.765608595197325714e+00,2.150184265856307952e+00,1.013236535964502361e+00,1.111997339721810363e+01,2.000000000000000000e+00
-1.901369346241784442e+00,2.236556929986324604e+00,9.169858904467869110e-01,1.593029677157197899e+00,1.282475961383474194e+00,1.760348651553804711e+00,2.014560823057291117e+00,-3.022741838984130069e+00,1.800787254071418930e+00,8.221436484109319043e-01,1.728469656894933948e+01,2.000000000000000000e+00
-4.814138566279947185e+00,1.874440867205994010e+00,-4.010584988493276493e-01,1.698049502672738686e+00,1.141943934032162655e+00,3.283801930656912837e+00,-1.140610868844806891e-01,-2.944379133597538445e+00,3.301974693901256197e-01,4.286349548195528270e-01,-1.207111626929760106e+01,2.000000000000000000e+00
-2.831211065593093323e+00,1.980028384696401522e+00,8.122918251033601766e-01,2.913946346063792880e+00,2.540345594167849885e+00,2.316485686539567990e+00,1.044747411168809093e+00,-2.418138023843826367e+00,-2.014764279292924343e-02,2.259594828566187652e-01,1.830246992904995906e+01,2.000000000000000000e+00
-3.689659236027122091e+00,1.061897738939888924e+00,-7.786978987437422894e-01,2.818218733997703396e+00,9.480005967209176321e-01,6.096878261930356313e-01,5.833839737651731916e+00,-4.466885942565802736e+00,-8.945759455660340365e-03,2.048505236430841148e+00,1.329295452243839826e+01,2.000000000000000000e+00
-4.679673651657108024e-01,-1.027653378117638905e-01,-1.040794730307285976e+00,7.151683882367542155e-01,1.489587143606896369e-02,-2.341509977866693681e-01,1.443401332301758933e+00,-1.035850697265577436e+00,1.173482639911400671e+00,1.447459582057736505e+00,-6.456591841009529098e-01,2.000000000000000000e+00
-1.088320015832004106e+00,2.996615845713570536e+00,7.195812073586020929e-01,2.095449011942275508e+00,-2.817433174257311101e-02,3.990903135611307384e+00,4.476520797558652953e-01,-1.826808765903576770e+00,1.466622029133281435e+00,4.924099980092670054e-02,-5.132040912528569976e+00,2.000000000000000000e+00
-3.890592875783252858e+00,2.633315159399602923e+00,1.436762536792968614e+00,7.567935253138875495e-01,1.409816815917541932e+00,3.694364189738389648e+00,1.736412864703043901e+00,-3.402556013379151700e+00,3.307885216380526128e-01,6.836233858612121850e-01,-4.069784750947651908e+00,2.000000000000000000e+00
-2.854766651698583679e+00,2.017590677984797853e+00,-1.982670170725619130e+00,3.998091651653886913e+00,1.115935210164538116e+00,4.446170734231535526e+00,1.116901178137178263e+00,-5.276127141412672472e+00,2.770285102105952912e+00,7.013936624945247278e-01,8.763355211945354384e+00,2.000000000000000000e+00
-2.992007456353425798e+00,1.903533250967934576e+00,9.135815427423854551e-01,2.640637204372513036e+00,9.848157400527535188e-01,2.821367594848399385e+00,6.163171799506735882e-01,-2.401187066155211269e+00,1.272981338672820817e+00,1.858945938263120157e+00,1.071885868013639076e+01,2.000000000000000000e+00
-6.082946123042583864e+00,2.286189394407545539e+00,-4.903904716970275413e-02,2.546517958881878929e+00,8.798594956314840232e-01,3.878513490661287921e+00,1.317123020664479061e+00,-2.947290565264529594e+00,7.663371265961730350e-01,6.814004250858451961e-01,-2.237177624802166775e+01,2.000000000000000000e+00
-1.991107851656723327e+00,1.649722017391293427e+00,8.110678819638659220e-01,1.538871287087546502e-01,1.891778341946758868e+00,2.822443630692935912e+00,-1.496010201607367307e-01,-2.643635520328135868e+00,-6.712947242816325044e-01,-7.747074407261573814e-01,3.993499711560947851e+00,2.000000000000000000e+00
2.608611257121635774e-01,4.420469128419044491e-01,4.343458952031741815e-01,1.711690765666760150e+00,2.585362883298365499e-01,1.590840444752115612e+00,6.984134246683630920e-01,-1.482584463870785241e+00,2.598337757514591617e-01,-4.593500062404864415e-01,1.109597341578416696e+01,2.000000000000000000e+00
4.252998936241381145e-01,3.763894898729278626e-01,8.518864944805786266e-01,9.081852671172315761e-01,-6.206390584127270404e-01,1.744210565384845424e+00,-2.277020599659537403e+00,-1.085188276400088858e+00,-6.259101750857516411e-01,-2.272931996965692036e+00,1.202551745112840997e+01,2.000000000000000000e+00
-3.364999118435410441e+00,2.096344052693869031e+00,1.184211623642816180e+00,2.466554116386593165e+00,4.950629358207392361e-01,3.619026629007720430e+00,2.653565823566678361e+00,-3.304511319765581767e+00,2.013645351232448366e+00,2.183760395970335555e+00,1.366404392891722885e+00,2.000000000000000000e+00
-1.105514158522858503e+00,-2.261262940278101485e-01,-3.517704676757255067e-01,2.258907419511526626e+00,9.919936404882379044e-01,2.253792146167584054e+00,2.276192125793802035e+00,-2.209414353822543475e+00,-3.302341609650623067e-01,-3.368036647629040620e-02,-6.922273673801063176e-02,2.000000000000000000e+00
-6.465081375183805434e-01,1.602335643396270326e+00,1.991053054082256024e-01,1.221862717443105817e+00,7.548013224777756491e-01,3.402024646504693717e+00,7.819902125257275349e-01,-2.456624756080348693e+00,1.405341952133521977e-01,-2.035712097364343443e+00,-4.968228402662611565e+00,2.000000000000000000e+00
-2.591855733118042071e+00,1.287340705314973910e+00,9.075913345978547930e-01,1.777968886911834634e+00,2.100556795055172010e+00,3.689207757777294816e+00,1.519071386180842698e+00,-2.257256012633964914e+00,3.964838557345318204e-01,-1.301077988263940943e+00,-9.706071671590143168e+00,2.000000000000000000e+00
-1.576281807354255715e+00,1.389545711205648626e+00,1.122681919220195890e-01,2.182437133557240116e+00,1.225004641615037304e-01,2.331038967261909622e+00,1.677369739464334764e+00,-8.317707785862298309e-01,7.670226738588112880e-01,1.332943032396778804e+00,-1.069120427986874944e+01,2.000000000000000000e+00
-2.532020090711663673e+00,1.477158616035085803e+00,1.612841161469842910e-01,5.357652828646071175e-01,-3.100394518030347157e-01,9.282129848430562546e-01,1.349064355518309277e+00,-1.761616610757474222e+00,7.513921314076967839e-01,-6.158091668273391051e-02,-9.202688793685851465e+00,2.000000000000000000e+00
-2.957453226814772407e+00,2.647659718979843646e+00,1.113204667091201583e-01,3.703200854618362126e+00,1.382217104357556181e+00,3.446718470339301010e+00,1.496712131026548320e+00,-3.351799302867734642e+00,6.045754257821307487e-01,-4.125070711813738633e-01,9.814258030419241052e+00,2.000000000000000000e+00
-2.688251214869141759e+00,8.223630992764545677e-01,-1.203791063082931823e-01,3.334865491896755962e+00,1.932308269978637583e+00,3.065097522628701832e+00,2.023592936183438162e+00,-4.308649418499300943e+00,9.419590169790654777e-01,-1.158251880258094113e+00,1.516915367464921793e+01,2.000000000000000000e+00
-3.878816551590937856e+00,2.005239260096948417e+00,8.492938090819257546e-01,6.353730048926281571e-01,1.586945221948030893e+00,2.647135868165600314e+00,1.809002913257037992e+00,-3.208039802352530057e+00,1.287883326215409241e+00,1.025846717277522080e+00,-3.632838855250295929e+00,2.000000000000000000e+00
-2.289624776584317623e+00,1.651370510341820808e+00,-2.760946433526946242e-01,3.539906879602108702e+00,1.130499398192784666e+00,3.348964599962445998e+00,5.820485618294777286e-01,-2.577066332992221209e+00,-9.867653535645741769e-01,-1.031901291838650980e+00,5.736644377269572992e+00,2.000000000000000000e+00
-2.336044436711729677e+00,1.589867943199801958e+00,1.144881857702319206e+00,6.980486021718377287e-01,-5.432427031916731153e-02,9.094508865362711525e-01,8.899142271803540671e-01,-1.097154592917560123e+00,-1.141105251448379487e+00,-8.155048823325840024e-01,-2.135347822683820507e+00,2.000000000000000000e+00
